,0
0,1.7640523459676631
1,-0.8740739752787228
2,-0.3287189981138652
3,1.2508580258229114
4,1.7712098914521728
5,-0.5542701986479608
6,0.41760769881276927
7,-0.3609592197747089
8,-0.6353247590865931
9,-0.31656638516477886
10,-0.4762205059523592
11,0.7722669229220824
12,0.6940215186647287
13,0.1712474439543441
14,0.30365377902322566
15,0.24357974947861294
16,1.3955513631837673
17,0.2836177678228644
18,0.4036502948333074
19,-0.7562189413325282
20,-3.030256756751685
21,-1.0959187405051838
22,-0.2627424419532711
23,-1.3854510091872165
24,1.1830526532254
25,-1.3417915544578207
26,-0.8192409220767427
27,-0.9652784540192605
28,0.6786509597386856
29,1.4174356548121265
30,0.6705055583914996
31,0.7137300112589402
32,-0.5118016294607022
33,-2.1810106291225364
34,-1.5028236615709556
35,-0.9149189492079909
36,0.41271094898250693
37,1.0909035647902332
38,0.022270059531746433
39,-0.24939430930836215
40,-1.162373149020212
41,-2.0198863495653105
42,-2.8531688721521387
43,0.22778347207067506
44,-0.8767526112672408
45,-1.0719200649194156
46,-1.9922818506986195
47,-0.437395666662843
48,-2.166884967800736
49,-1.4890692734334408
50,-1.980836441030792
51,-0.923685321703673
52,-1.34639960839027
53,-2.11977112452971
54,-1.3531993411993073
55,-0.6011418838971867
56,-0.5289193033367282
57,-0.1341021759982408
58,-0.7973465178866728
59,-0.7575411292180054
60,-1.067287294439827
61,-0.8989009177744482
62,-1.2925612126342163
63,-2.3851567710710717
64,-1.0625925493287203
65,-1.1277493685176898
66,-2.2932274972467273
67,-0.748116671798926
68,-1.4679785064388395
69,-0.7299123803032748
70,0.2933552195040381
71,0.2952993358284599
72,1.4847642731499626
73,-0.19525741826165244
74,0.8185106383722094
75,0.15410639584198882
76,-0.25423762010455886
77,-0.18410046345705
78,0.07431577288083213
79,0.5681262528839668
80,-0.36989308283767075
81,1.3126503349025458
82,1.65198590823346
83,0.00822414206355937
84,2.3514097616647875
85,3.811692010146678
86,4.077138192276655
87,3.1645986208019625
88,2.028575635085449
89,3.6097820633395252
90,2.8453027770986163
91,4.2594879990045245
92,3.9517437518317635
93,4.762409944663084
94,4.6203534506492625
95,5.059852268689671
96,4.66506817250059
97,6.362049000042893
98,5.582140563402848
99,5.7162127954466255
100,7.307921613090763
101,4.939093081934171
102,4.084202438072614
103,5.745033682089941
104,4.279148130622847
105,6.80235889869347
106,5.592207574235996
107,4.922931936795271
108,7.243015715474415
109,7.8887415710799935
110,8.863231072433589
111,8.605221693921436
112,6.959295567380622
113,9.02593979665691
114,7.765391013646482
115,8.431865997237058
116,8.874914095448272
117,8.082668715718317
118,8.567291335922825
119,9.089340031057205
120,8.868107383162208
121,7.388159431842478
122,8.082882520384988
123,9.30660934342784
124,7.920302874173559
125,7.935155669501382
126,7.568223589171108
127,9.639483106387805
128,9.439326833157818
129,9.304465896983828
130,8.147208169573958
131,8.918413634464082
132,7.978658876458582
133,8.26523856835619
134,7.647654058774521
135,8.644260399656753
136,8.958731189606803
137,8.412047365566831
138,8.816736921987586
139,7.5003859622999
140,6.484726771212492
141,7.763640526652633
142,7.934090235755555
143,8.541478151465872
144,10.625106031531452
145,10.31445916854587
146,8.60291614706679
147,9.891401883979617
148,7.964942030497072
149,7.964026306070885
150,8.169805208629716
151,9.968050746664266
152,8.383838134703163
153,7.7132237779525825
154,8.002858989842503
155,7.45568014420145
156,8.941521323158739
157,7.384171114726883
158,6.669256226023245
159,6.881547696861197
160,6.769568660274377
161,9.079010427358998
162,9.1927505027492
163,8.632701423503217
164,7.163848197919684
165,8.498105354875927
166,7.145359827436588
167,6.006778050624313
168,8.032548116121744
169,7.962967418951854
170,8.66978266845745
171,8.462219228897101
172,9.003254115071
173,7.792668205338181
174,6.890018312734094
175,8.049114299156958
176,6.984393608889759
177,6.627302585336893
178,6.5684691798911174
179,6.907695773700655
180,6.636744603747766
181,5.476010330946375
182,5.57936440590027
183,3.8747776731388064
184,5.787376903450122
185,4.244705699618076
186,4.059189360992125
187,4.947695581690082
188,4.479489906251722
189,6.559794007665337
190,4.702129881282913
191,5.551924159006191
192,5.535745462968365
193,4.443027847370408
194,5.600067926898985
195,5.35079758077547
196,6.245822815020457
197,6.741763137656251
198,8.438478015703236
199,8.57458240947019
200,7.211222052695098
201,6.822498582214461
202,7.899874210347708
203,7.933354003094724
204,8.047317039190744
205,5.910021206680388
206,6.489693066618637
207,5.836792576466347
208,6.4964918668134946
209,6.343354506872689
210,7.301340732647125
211,7.17378967655072
212,7.69058803916528
213,6.7346797905969815
214,5.869208744380266
215,5.902831534121141
216,6.180190622768155
217,6.654807232967233
218,8.771007028386883
219,7.580840604737434
220,6.361171120741741
221,6.359821755364201
222,6.108274231725067
223,6.871455611668143
224,5.170285286806323
225,5.986972316093536
226,6.304195024614745
227,6.551767230323357
228,5.883351358813012
229,5.9555567833362995
230,4.746948404083695
231,5.057296740125238
232,5.002977932021514
233,5.893144637200809
234,4.729059345894714
235,6.170724455227196
236,7.497163142147928
237,4.725102196252813
238,6.060457238468425
239,6.75081794873013
240,5.851876208643386
241,5.7591694139006675
242,5.9268942847697454
243,5.819166311347885
244,5.764661652237196
245,4.363578109480936
246,6.4837769511101895
247,7.294250715269394
248,5.984726254902623
249,4.858154385373894
250,6.216847676057458
251,5.641155423432931
252,6.166354453301286
253,5.937488935285145
254,6.888954415131326
255,7.367863839494981
256,6.310842799449602
257,5.2497040846389025
258,4.460452746759236
259,6.111004610167502
260,4.969085931702121
261,5.1975053286285124
262,5.126668092007039
263,5.618139619582817
264,3.95807324732081
265,5.300432153927518
266,6.120059305420965
267,6.170431001398159
268,5.925851874678267
269,6.282382359459642
270,6.77429357870429
271,3.90700526969405
272,7.29756600636687
273,7.123279212992089
274,6.275622161450853
275,6.219282097489711
276,7.034966823933629
277,6.817936702747886
278,4.893658911336578
279,8.051348458768825
280,7.235163247158159
281,8.248763008579443
282,7.077052456834188
283,8.877333369846728
284,8.468852382027464
285,8.798046142232407
286,7.367819740882419
287,8.996905396716565
288,9.168451942870485
289,10.022736294672757
290,8.620504374160772
291,8.235456187944363
292,10.750341338381206
293,8.575458218224362
294,8.698187191993888
295,9.904251994221536
296,9.439022262475575
297,9.830498886723301
298,9.056344764870065
299,9.504317926482035
300,7.994357203134255
301,10.23978195117704
302,9.416884034227062
303,8.643443601857456
304,9.59243770912247
305,8.84676542980004
306,7.676052937025355
307,7.019204849099818
308,8.558613456468972
309,8.304257463572103
310,8.298082688755727
311,9.50527889702938
312,7.899384797855559
313,7.637403410468741
314,7.720418764042261
315,8.14861538974455
316,8.183948445733241
317,7.979801754121524
318,8.110449767259107
319,8.104117466208232
320,7.4888024899491175
321,7.082416197538601
322,7.8835585244979
323,7.022863020602585
324,6.370106403829712
325,6.791896076878443
326,7.022950506334349
327,9.528248436602635
328,7.820996061175533
329,8.91834625074581
330,9.201414622861202
331,7.5220901187611515
332,8.73767573391662
333,7.231463101721513
334,5.084833994356945
335,7.123557959114871
336,5.437712607822679
337,6.875712569561534
338,6.259576722512759
339,8.365058374314366
340,8.764991045020306
341,7.667823305219792
342,7.036945831093899
343,6.141032973897947
344,6.371099281385193
345,6.488182737972563
346,6.406264164572004
347,6.860221110170341
348,7.4747655377027815
349,7.584391294402472
350,6.609975657043868
351,5.501653875464548
352,7.656402176569943
353,6.497748827745697
354,6.129018312371788
355,6.003529625808544
356,4.539897818679007
357,5.113819675180172
358,5.178954144125817
359,6.265143827111025
360,6.852682468685265
361,6.557575312693944
362,7.454120494952025
363,7.331410893716382
364,7.042525647303023
365,7.126655432701152
366,6.816480889000066
367,6.475463197284363
368,6.40710887714277
369,5.461967628524846
370,6.365546417126122
371,5.408075680989969
372,6.8073375604936945
373,6.309059532068849
374,6.479238214349941
375,6.999385264511084
376,7.42980236538829
377,5.508087934824804
378,6.005957651694045
379,7.1561560078867785
380,5.132574375145044
381,6.334543331497553
382,4.101745756486009
383,4.281108544645564
384,5.1770914383488496
385,3.8265637177007292
386,3.8686915532522836
387,3.245207286516945
388,5.976396543470692
389,5.729993101618685
390,6.276798263433009
391,5.849541395504282
392,5.6278956011457595
393,4.27191346828957
394,4.91319125573844
395,4.601205128763446
396,6.069567480342307
397,7.045446628235203
398,8.021548151187076
399,8.097614961766128
400,6.918361534403582
401,5.957291216966281
402,7.311062743171627
403,7.458398936617706
404,5.530146321039035
405,6.773315764039673
406,7.667730262762948
407,7.436496071347106
408,7.22640071398545
409,6.55253291434969
410,5.593326695695269
411,7.298805099057446
412,6.902834818218256
413,6.929411367015219
414,8.931259689220177
415,8.909519510947563
416,8.857251245632666
417,8.744842547875967
418,10.155748992325599
419,11.115419726049257
420,11.030387434601009
421,10.8917334444378
422,8.288407751145272
423,9.293251583762753
424,9.29154259704645
425,9.54197132307338
426,10.533367941079337
427,7.395595377549609
428,8.15581276435921
429,9.074536805025245
430,8.761807842895173
431,7.7475944060914905
432,9.532972925359456
433,9.718582931220219
434,8.736266296998394
435,9.639850096880984
436,10.543198946294915
437,10.279536421810063
438,11.113534864615644
439,10.873628847664762
440,10.437185315408913
441,9.520458508476057
442,10.135855729935736
443,10.628078760822588
444,11.598221457243024
445,11.179864243330947
446,11.716953232306482
447,10.610881285026815
448,10.3508335211642
449,10.826369635637661
450,10.072550460105385
451,11.614859548964208
452,11.961811326587437
453,12.118850626169294
454,12.386928487485054
455,14.301901456652818
456,12.869712864011728
457,10.727905073452566
458,12.050008106373157
459,12.220753563270673
460,11.902595925873994
461,11.333494859810617
462,11.581317573509176
463,12.26001801771763
464,11.919634001308138
465,14.753034929801034
466,12.80129509765738
467,12.357739876638991
468,10.584831408710302
469,12.182517971281772
470,10.475483100348882
471,11.184639811344297
472,11.622432493725078
473,11.40773748708162
474,13.794272014477432
475,14.234724888376798
476,15.074491994388843
477,13.49487624370257
478,14.940272060097886
479,14.966672849253113
480,15.429979713133193
481,16.021059275137745
482,14.505762790594568
483,14.387763863013479
484,15.522864592999907
485,12.532539903871248
486,15.335774506318195
487,15.472037989016078
488,15.151153957502446
489,15.367179513168276
490,14.248616856774644
491,14.419726815264779
492,15.848811284260073
493,16.737281215977337
494,18.744825108318324
495,17.170713976105052
496,16.156078865573534
497,15.79186740787612
498,15.009880676906317
499,15.482303288554828
500,16.047773678893265
501,15.906684401677307
502,17.027033245699513
503,16.26595298742241
504,15.918953748135106
505,15.491214940676072
506,14.18208910076636
507,13.520389781843198
508,13.377799808164497
509,15.599517357159693
510,16.17758199183871
511,17.1409264688595
512,15.06574060091016
513,13.587647851626462
514,14.00266296807255
515,14.798039740481276
516,15.442918592322922
517,16.35889699067274
518,16.141871865399
519,17.644556666768217
520,16.48032103904402
521,15.428333792788093
522,14.10468685717726
523,14.104849178765901
524,15.011173100631176
525,14.216225541128356
526,15.682596315588524
527,16.795258102997394
528,13.697865203064287
529,15.574464920204788
530,13.11826448308453
531,14.630681980443157
532,15.93855834432063
533,15.48426570853626
534,14.082762587423527
535,14.097071487244072
536,14.267997846961691
537,14.356481706619606
538,14.353166715539635
539,14.431555232625271
540,14.778907303651444
541,13.526148542388828
542,13.901693440066438
543,15.706105230025
544,14.678928433793601
545,14.307363174112666
546,15.607563970530446
547,12.562759290260878
548,14.914390927842929
549,13.958738383420272
550,14.417222760152699
551,14.51181636375182
552,15.42873760178273
553,14.695003701464303
554,14.039086398811598
555,15.65511821224578
556,12.709649145591946
557,13.77842625347073
558,12.64958702320843
559,12.664820081900777
560,15.28564331240268
561,14.454602001411834
562,14.548957947176437
563,12.63729136522569
564,12.763560750197676
565,13.532235731233852
566,13.98424291359039
567,14.511424027007934
568,14.231560138959377
569,14.704639575577465
570,14.881683920011263
571,12.758751355765295
572,13.625979057641931
573,14.562900668291073
574,14.855776944549888
575,14.157369397958831
576,13.45401296277995
577,12.75146287087064
578,13.288750500523136
579,14.686824143096743
580,12.29696887046321
581,12.557380021833696
582,11.986330213787507
583,13.555552511670943
584,12.884820708830496
585,12.762872935824168
586,12.925284722742873
587,13.640735367723885
588,13.16570165307953
589,10.364174926379672
590,12.537817958658055
591,13.168234329378016
592,12.922698913772248
593,12.04304930254157
594,13.059035765851913
595,13.499157881281405
596,12.952721062169982
597,13.025445610915611
598,12.330393982111183
599,12.742709261944208
600,11.497989924900285
601,12.858944072535335
602,12.027886790095135
603,12.891107471767288
604,11.614878919400176
605,11.87152002682537
606,12.35700041362561
607,11.024835266593909
608,12.177988931556314
609,12.112252820295966
610,10.787824665163
611,10.58413975302255
612,12.235721963847254
613,13.250695578608433
614,12.87801251116361
615,13.418754065992527
616,13.560907604743866
617,13.845200758192558
618,15.02545128344163
619,12.911932356671432
620,14.243740719823224
621,13.703255608983392
622,13.704842697125976
623,13.620741242685874
624,13.514177705362663
625,12.610831901424522
626,13.562125904359569
627,15.414239528642744
628,14.680392860161508
629,14.629823711320252
630,13.961505693941339
631,14.231332614318003
632,14.896563426812532
633,14.410446618582414
634,14.179793993238064
635,14.913783551257199
636,13.936821978230041
637,14.705139244519007
638,15.58125921526235
639,16.625407124321864
640,15.84047397041695
641,17.113931974178424
642,17.43606788097956
643,15.755361265585536
644,14.840775451553974
645,15.180464049122513
646,16.533310254226393
647,16.08147535551505
648,15.479120365132223
649,17.34883656056352
650,16.961877325282344
651,14.373108367827337
652,15.775200460520725
653,16.399768675395
654,16.465051688576914
655,16.813451259307694
656,16.524061123323246
657,15.20413944838146
658,15.499972157589351
659,14.920404304282068
660,14.609482156281802
661,14.02814663113333
662,15.361919479546932
663,15.547716539803444
664,15.187853096695456
665,14.862855459791554
666,15.307133683876
667,16.58247415563638
668,14.165557922160001
669,15.507073778211614
670,15.036020805984872
671,13.52841579428388
672,12.677720228960295
673,13.077714950159343
674,14.195905814944272
675,14.855602323230784
676,13.934311430074532
677,15.534956110327409
678,16.672270929986976
679,16.380113285914966
680,15.465345116538336
681,16.802145326767924
682,17.040966648973182
683,17.42032673266095
684,16.191578668156154
685,13.509457569688035
686,17.03279514831085
687,14.700890209780887
688,15.369001582992624
689,17.936219495200074
690,17.167274802639938
691,17.711232221134026
692,15.58470112208949
693,14.35612697939127
694,14.785807908736935
695,16.38190346306427
696,15.669283874284863
697,15.009665522504456
698,15.642279097119948
699,16.74590637430804
700,14.798476378765162
701,14.20231496116163
702,14.150698532913106
703,15.851850503966226
704,15.7488384307026
705,17.745618688226227
706,17.596578613717064
707,16.824859518406026
708,17.859082350554523
709,17.30273540856175
710,16.242487649565167
711,17.101525733127062
712,16.036968114876487
713,15.966438029001282
714,17.44162735380424
715,16.69072290480896
716,15.763413246258377
717,15.614173769654858
718,16.904258232957755
719,15.897223766405883
720,15.675404666514005
721,15.365562490995405
722,15.84272329523504
723,15.438663421951498
724,14.037867948926625
725,14.003071891406385
726,13.737649036418807
727,15.670601017032892
728,16.102689662151455
729,16.268196189583126
730,15.384896835164795
731,14.719009066700165
732,14.634599109465132
733,13.943598322598104
734,17.08529292637109
735,13.791000761406849
736,15.27869557610417
737,13.91457184636829
738,14.484160628517744
739,13.74153326397933
740,13.18094773321592
741,12.837202585091653
742,15.436429618697439
743,14.735059302895143
744,14.008488975057336
745,14.994532833338633
746,14.874424129561563
747,15.61915556133471
748,13.478961898027027
749,14.652172983985087
750,15.504092066182071
751,13.55197767664816
752,14.814746728248494
753,16.51728175525969
754,15.73748880612338
755,16.43222420460325
756,16.660157351651574
757,15.517732650352457
758,15.79623328429103
759,14.253910809584758
760,14.613410664091274
761,15.332112770807099
762,16.11281974678749
763,15.872397558505888
764,16.577601733460043
765,15.147907124689045
766,15.55551770992151
767,15.773293452975256
768,17.725760651181236
769,16.67618735325575
770,16.135752010751446
771,16.397555657924915
772,15.54993168706066
773,16.26704411692076
774,15.985470209607907
775,14.477043437465708
776,15.453074792561477
777,15.501071602320167
778,14.248799198423178
779,15.20853469060047
780,17.101651424404196
781,17.13345350847314
782,17.499028565931958
783,15.865450378659165
784,17.001049084197923
785,17.123646474327277
786,17.670778419308895
787,17.91303339172479
788,16.37189016221337
789,17.025230105292863
790,16.514208862840277
791,17.00715445502707
792,16.368975065782365
793,18.312544446024788
794,17.065575295418228
795,16.631121646576023
796,17.351005798211027
797,16.506633991180134
798,16.81100893283711
799,16.494892762740925
800,18.595188337027484
801,18.993347219983406
802,18.60459448230932
803,18.25802035264834
804,19.479574334689257
805,19.566594353943426
806,19.88071317172404
807,19.627404525295503
808,17.956950397962903
809,18.74669621779234
810,18.559619589591144
811,19.679776618058096
812,20.604727251215245
813,19.54458737958388
814,20.337157416626724
815,21.982263443833787
816,20.513785033854212
817,22.404423641100728
818,20.786657316332953
819,21.104594743540602
820,21.169176543826822
821,21.26182611660188
822,20.50002987580472
823,20.411562872228522
824,20.23182192959047
825,21.109121026079286
826,21.520758167597307
827,23.721613227048962
828,24.07109333897291
829,22.7020136517324
830,23.077686713726802
831,23.9091561215289
832,23.42230506881056
833,23.23181113984108
834,23.29021760846062
835,24.149032096655226
836,22.8932305858869
837,22.923002364466008
838,23.65594547480994
839,23.84520527215027
840,23.95680166978087
841,23.476167617755472
842,24.63884525549161
843,26.363273760132923
844,25.64570550998535
845,24.983282449162715
846,25.673755911575952
847,24.70509250906845
848,24.107209603036104
849,24.530000833921736
850,22.03555217097307
851,22.230987771651744
852,22.829618573619967
853,21.99801670272073
854,21.89843873017584
855,22.32312410575655
856,21.24776762036923
857,21.946487378765667
858,22.019366646766073
859,22.622344242842576
860,24.04978259872169
861,23.847066991524837
862,23.798691224788353
863,23.928560930610807
864,24.16355525610191
865,23.0826506215093
866,23.502682399437084
867,24.036137565045948
868,22.632207107683016
869,24.234611420912234
870,25.109002540336107
871,23.965687885776443
872,23.951542566181722
873,23.252276616397385
874,24.462087052950654
875,23.211471712257907
876,23.528324994549113
877,22.939308927437864
878,23.541569143881752
879,21.91082812711795
880,24.2433777611243
881,22.91949947889176
882,23.47017246709154
883,23.385737590390153
884,22.82148090970186
885,22.41052904985039
886,23.95431488643865
887,23.172195222461763
888,23.717275674160227
889,22.878118077377636
890,22.663114693896965
891,23.59173501172116
892,24.445742448833737
893,23.842349724176202
894,22.42982148952235
895,25.134895749704107
896,23.458445731161564
897,22.187438934766533
898,25.593640659788502
899,24.101947814618175
900,22.62362305521176
901,22.625068768454696
902,23.485888635746704
903,23.646350250545172
904,22.734932239456583
905,24.987474949209272
906,23.66881578111608
907,22.576527597003043
908,24.11801262926027
909,25.101211332550946
910,23.56094005031157
911,22.37721122444422
912,24.111574875590094
913,21.710867252389818
914,21.451170927862396
915,23.26278258210703
916,22.988179468693584
917,22.77384893390791
918,23.296589068479435
919,23.029946145882153
920,21.802730550614207
921,23.752961369355454
922,24.618757473935656
923,24.095475968404536
924,23.852708019130173
925,26.054343944994162
926,24.535516610146868
927,24.074214499175124
928,24.42275802379125
929,25.644375841233664
930,26.398739262080966
931,25.090590776967108
932,25.184853376886625
933,23.486437235388436
934,23.704916717267103
935,23.082089852371187
936,22.535979875026808
937,24.83195928390704
938,23.372053743652298
939,23.1132252728172
940,23.791442878819588
941,24.99227809772038
942,24.823218174390725
943,27.185685351240153
944,25.59708249382019
945,25.47484424318741
946,25.41154830514796
947,26.542085312616788
948,26.187198933108725
949,25.54162193619899
950,24.42923809921848
951,25.02157361873158
952,26.327131991643554
953,25.17522705977985
954,25.702352566045818
955,25.622491286620978
956,26.248251918123394
957,24.911278689442927
958,27.489030733381895
959,25.03926270922296
960,25.005255989099172
961,26.125102152105537
962,25.976150319883004
963,26.542679989330747
964,25.534515050117026
965,25.548465020035643
966,25.57300430957023
967,27.121500455014406
968,27.01350009362654
969,27.26072096752282
970,26.017177995305783
971,27.112650706584223
972,26.822028428688817
973,27.945420289653956
974,29.152988344822912
975,27.598779404464437
976,26.964223560958587
977,26.133659358866996
978,26.35831737175279
979,26.10099171665852
980,26.681589894996648
981,26.41735521573718
982,26.11522687248796
983,27.37951004684185
984,25.969966349026233
985,26.77731323423251
986,26.236742331408042
987,27.155591548482647
988,28.237692547957668
989,27.191547475933486
990,27.600097506404484
991,27.51371199691956
992,26.546434828693407
993,27.127706753909546
994,27.36796591997839
995,27.643654900682773
996,27.216304255461942
997,27.356754592049562
998,26.168839827099408
999,26.382142171064547
1000,27.26787721685917
1001,28.011428105153225
1002,27.156691402904833
1003,27.390268532347932
1004,27.595133372579763
1005,27.693665103606705
1006,28.12324698992288
1007,26.016705391562404
1008,26.810589934695805
1009,27.278080295041
1010,26.2718803597396
1011,28.493239487377334
1012,27.98799943960031
1013,29.365150997324804
1014,27.74524103557733
1015,27.025191457014238
1016,27.706146834462338
1017,26.026263026180985
1018,27.110497907880273
1019,27.336393396874023
1020,28.405142222168227
1021,28.660271986998172
1022,27.817450567561004
1023,26.822032709313703
1024,29.090547409762006
1025,27.58482030733192
1026,26.79716139932121
1027,26.278659544724093
1028,28.091244653755993
1029,27.2310950683951
1030,26.71979720071107
1031,27.31276890447272
1032,27.18228874941252
1033,26.676458957780575
1034,27.847644255888774
1035,28.67505270034933
1036,29.11770702112066
1037,29.271901849758166
1038,29.11821861965881
1039,26.95842219874583
1040,29.364574643994608
1041,28.96287905535104
1042,29.259142128204537
1043,29.949602491893163
1044,30.67572221270083
1045,30.146974317294852
1046,30.05886048766174
1047,29.004746346896464
1048,29.127218334240652
1049,28.188191237698753
1050,27.819000090686835
1051,27.324099002332392
1052,27.69732607609228
1053,28.95926306844348
1054,31.681735189642193
1055,30.18915043256123
1056,28.29850039983738
1057,29.97774892165461
1058,29.044203085772864
1059,28.33508257682786
1060,28.786290538977838
1061,27.445110032710826
1062,28.23388811973553
1063,28.13971651060519
1064,28.2845309482751
1065,28.61660966562878
1066,28.46757781954222
1067,28.376151641507093
1068,28.59211780394397
1069,28.81503125857171
1070,27.49614327320133
1071,26.471187467657366
1072,27.17731477804862
1073,25.95682258122182
1074,26.84408985436639
1075,27.95695537229028
1076,28.19020444582788
1077,26.776003531502962
1078,26.337536775084544
1079,27.170656381572314
1080,26.73784751060368
1081,26.64216011594063
1082,27.459561061144463
1083,26.243018823937618
1084,26.29552173313615
1085,25.801021352337123
1086,25.256240910806838
1087,25.07201831396625
1088,26.388882778627295
1089,26.32447261698637
1090,25.46264744128675
1091,25.707700957958455
1092,24.326088393074155
1093,24.52180773456059
1094,27.312505236046913
1095,26.391605625882942
1096,27.04794182204264
1097,26.59780245083308
1098,26.88813602171328
1099,27.347795925204245
1100,25.854390692133443
1101,26.26566849569515
1102,27.942373345499966
1103,26.39736523856055
1104,26.055805678505134
1105,26.050747262974916
1106,26.54870068655411
1107,27.016207820006574
1108,28.033491159320594
1109,27.850823716416297
1110,27.36570639074375
1111,28.512141055082864
1112,28.518400703889856
1113,26.472145732807647
1114,29.554943916430602
1115,30.141795597491893
1116,28.798783746616376
1117,28.895704165983624
1118,29.854827191361377
1119,28.85855293272562
1120,29.407403878706315
1121,30.01613755590021
1122,28.268699018318895
1123,27.927906417133645
1124,29.136454456966696
1125,29.18296821592453
1126,29.775209487270484
1127,29.07342866351178
1128,28.679049017482516
1129,26.75213827343476
1130,26.597602984348665
1131,27.460423549094795
1132,28.529231697351914
1133,28.79851757179137
1134,28.411049142370835
1135,28.174662448166927
1136,28.55667687564954
1137,28.59729368400264
1138,29.995179172727497
1139,29.473364578163128
1140,27.78753878599051
1141,27.19922733440248
1142,29.52905562496141
1143,27.86292018347694
1144,29.18746941591119
1145,28.715231705713933
1146,28.707165764392546
1147,28.747702989844424
1148,30.139722769745237
1149,29.44430422789816
1150,29.45043260991421
1151,27.975208186566555
1152,29.0051301012016
1153,29.689134485681205
1154,29.802936377013246
1155,31.13620552273548
1156,30.540865676741944
1157,30.70805303992324
1158,32.19221480693637
1159,29.806735294766714
1160,29.948122598272818
1161,31.740687168878708
1162,32.11282308596551
1163,32.25650369416321
1164,32.64373691053465
1165,32.45118918676129
1166,33.79156078043969
1167,33.27343100019359
1168,33.101316869008585
1169,33.00308056022537
1170,33.030207728574176
1171,31.72662040873979
1172,33.042134547024524
1173,32.67280757289269
1174,34.55793538530622
1175,33.620230378977084
1176,33.90633728879274
1177,33.89872994718484
1178,33.096014527258724
1179,34.36583977599701
1180,35.857838748120955
1181,34.831146425227864
1182,34.30091717024233
1183,34.004832805161975
1184,32.29391228414124
1185,33.122804368655906
1186,33.749727580745656
1187,34.871048488215266
1188,35.41194447849855
1189,34.484225506235845
1190,34.32394805042672
1191,35.62702378863118
1192,34.97285645712817
1193,34.479611423621726
1194,36.14734780132629
1195,36.58813604479946
1196,35.99109988757091
1197,35.24221843115058
1198,33.47458176043854
1199,35.13274109252541
1200,34.24002966108999
1201,32.8236338756826
1202,35.591202764118215
1203,35.82936561097282
1204,34.40171015496917
1205,33.74985916092495
1206,35.40907762449543
1207,34.371376505996885
1208,36.17589869042214
1209,36.33775110770846
1210,36.54128777099931
1211,36.63257012785794
1212,36.56430426944892
1213,37.294759555262935
1214,36.36899717170155
1215,36.5724822322318
1216,37.2985302858744
1217,37.49210046030731
1218,35.937754550214045
1219,35.938871255187834
1220,36.55120891943747
1221,36.137778672474816
1222,38.15918813088235
1223,36.969959352469424
1224,36.84471781015673
1225,37.683298194280546
1226,37.64731215421753
1227,37.255373729399686
1228,36.49691810915725
1229,37.15909751168373
1230,38.1319767733668
1231,38.09639506372347
1232,36.958026137456756
1233,38.96842987182785
1234,36.68895740350017
1235,35.62187545062696
1236,37.44896108461775
1237,37.415491008353065
1238,36.740286217613175
1239,35.892409183840705
1240,38.82210743764933
1241,37.94514021548871
1242,38.216255962546995
1243,38.16042613821601
1244,38.3072399166907
1245,38.51359627650584
1246,38.84737071422361
1247,37.95608270947693
1248,37.66506798608807
1249,35.99962283608737
1250,36.06304874040449
1251,36.9049102017206
1252,37.982840298483964
1253,38.10525773597031
1254,37.35967351714097
1255,36.13818833374111
1256,33.959226718018
1257,36.62306095433993
1258,35.85120558589186
1259,35.744647688691785
1260,36.21420045283236
1261,34.862008368047505
1262,35.2649762784371
1263,37.671663190786866
1264,37.317141045432095
1265,37.25888820651375
1266,35.36394299538502
1267,38.28124229893542
1268,35.862298771717136
1269,38.261438269231604
1270,35.24137714615155
1271,37.47076193105492
1272,38.522602358056375
1273,36.756640287459554
1274,37.3141735044551
1275,37.59661262474375
1276,36.39805646713012
1277,35.20764387015354
1278,34.61687599320841
1279,35.97099432243928
1280,35.83700097591278
1281,35.35141003629356
1282,36.63317695106944
1283,36.743950296643376
1284,35.65430413678061
1285,34.72788874731134
1286,35.886697897369245
1287,35.24176763339095
1288,35.61388520947967
1289,37.21220588661071
1290,36.94801929608059
1291,35.64953095307736
1292,36.085716112313804
1293,35.06917718776513
1294,37.12402834707829
1295,35.85197378659772
1296,36.176067193365036
1297,36.366845128087554
1298,36.32633371870524
1299,34.217598546504654
1300,33.685829144753995
1301,34.158261390562416
1302,34.974271646662004
1303,34.873885222632815
1304,34.06226210399509
1305,33.26883405294378
1306,33.71555067218116
1307,33.71830912909954
1308,34.671505304572136
1309,34.28032042938646
1310,35.10904551063949
1311,34.317201157651475
1312,34.36032205501311
1313,34.240179818599835
1314,33.73199023048235
1315,34.86310023355919
1316,33.91468499131092
1317,33.83487432829147
1318,34.17115975477973
1319,33.073137108711215
1320,33.515354794052016
1321,33.219037181571814
1322,33.38374984215052
1323,33.74421938652771
1324,33.17580571606508
1325,33.50691948891786
1326,35.144758723241665
1327,34.64294702478625
1328,35.77147884130917
1329,35.577968859885914
1330,36.083403930546964
1331,34.85992092523801
1332,35.24372001375936
1333,35.384131495690184
1334,34.73203760343723
1335,34.230965181825134
1336,33.255919850610255
1337,35.67134921474206
1338,34.24918432790261
1339,36.075877872162245
1340,35.09780340892054
1341,34.41336731376505
1342,35.53437411594244
1343,34.7588308885047
1344,35.67642520684328
1345,35.189896182502665
1346,35.860851958387556
1347,34.74004914730412
1348,36.06841347941436
1349,36.299177679451866
1350,35.13789065788295
1351,38.21502139645882
1352,37.56359082843509
1353,39.34172339235194
1354,39.63838179268348
1355,38.29407995943855
1356,37.60408693475651
1357,37.234050447508324
1358,35.550817521922035
1359,35.77884268384896
1360,36.6014348486516
1361,38.207534632181414
1362,36.76298705825673
1363,37.914259287518796
1364,36.28462084924772
1365,36.259280322046756
1366,36.23685545517705
1367,36.99387216545123
1368,37.422714707791435
1369,38.21616534618599
1370,38.50926073452364
1371,38.27510410531641
1372,38.42311326436309
1373,39.73863107362498
1374,38.35223267101847
1375,39.14848186734501
1376,36.90342253337232
1377,38.08979940204527
1378,37.56049862236335
1379,37.827929112720945
1380,38.949694215986646
1381,38.645405644221654
1382,39.357621489530395
1383,40.33674457710377
1384,39.85754266825072
1385,40.58754294851912
1386,39.500584518676575
1387,39.40799699136874
1388,38.790978105459
1389,40.0250372350062
1390,39.93112993661647
1391,39.07994414137357
1392,39.36138011817794
1393,40.31276311771262
1394,39.71186646638431
1395,38.622463584506974
1396,39.144839905216024
1397,37.158972536429076
1398,38.91705497260841
1399,38.35268081411645
1400,38.113257626896214
1401,39.29620204679857
1402,37.592505856879725
1403,40.16805579455005
1404,38.86590835640484
1405,38.4150020871733
1406,39.682701887825466
1407,39.931381303315405
1408,41.92056731558746
1409,40.340143320931894
1410,39.937818333701706
1411,38.335722944459434
1412,38.63223987253964
1413,38.174218278722726
1414,38.14846900836552
1415,36.736448268408694
1416,39.370286537412404
1417,37.38891725869646
1418,35.22012202384677
1419,35.584661480793635
1420,35.99881403754926
1421,35.51704949587222
1422,37.47450686690551
1423,37.10637507135578
1424,37.255685839410155
1425,37.93428375521135
1426,37.9744056058542
1427,38.78058875529311
1428,37.144506810584254
1429,37.01585993693924
1430,38.02654805413292
1431,35.253849930119756
1432,35.10867241859323
1433,36.598378215440256
1434,36.18693529781642
1435,37.475333172539045
1436,37.95768490892701
1437,36.32674469948291
1438,37.23475758381026
1439,38.34094281328895
1440,37.887992068271544
1441,36.69180694447168
1442,37.970290613300605
1443,38.23385936850349
1444,38.37109938417684
1445,38.68885586734345
1446,35.19520289042669
1447,37.39831222693208
1448,39.0338062904938
1449,38.566760230101366
1450,38.31691638246225
1451,38.747125693997695
1452,38.6098422703819
1453,38.919725885296494
1454,38.44461592819122
1455,37.4950302139133
1456,36.75698210556563
1457,36.26990788713375
1458,35.50027273403693
1459,35.27924000474021
1460,37.819871072702625
1461,37.9526795338311
1462,36.8742637181275
1463,36.68563646874097
1464,37.022017884449376
1465,36.370461217433956
1466,36.78320422418704
1467,37.62282567191147
1468,37.24224047072904
1469,37.53045852334268
1470,38.22970222526095
1471,37.46535197435067
1472,37.75361252976036
1473,37.27035849631232
1474,37.33990777078041
1475,37.037863256274555
1476,36.67702801151328
1477,37.16065536674631
1478,37.73331053962788
1479,37.629172763602355
1480,38.013780158590315
1481,37.00065155197829
1482,36.09944532844258
1483,37.18556219888447
1484,37.85445111423528
1485,37.615626127392
1486,38.90426986926012
1487,39.1362053973746
1488,41.20967140292565
1489,39.494396321977106
1490,38.18021461831355
1491,37.75730059482259
1492,37.57779536365148
1493,38.42418758625549
1494,36.14330363270977
1495,38.55067487370832
1496,37.94634506644895
1497,37.81948760604932
1498,36.92963816186276
1499,37.44623937750372
1500,37.72562785461312
1501,37.7469784124981
1502,38.26055331830957
1503,37.61506026633391
1504,37.06958612409228
1505,38.20880250969881
1506,38.25536355079168
1507,38.48872810649781
1508,39.52996165668838
1509,38.03964547180407
1510,37.63854704133036
1511,39.465235288931
1512,37.56602338539573
1513,36.9899438188899
1514,38.69497786138874
1515,38.84609455494819
1516,38.944048892007174
1517,38.89010051242885
1518,39.0565392001614
1519,39.058599164536915
1520,40.563104963644356
1521,39.60272647446351
1522,39.58101895110106
1523,41.52927092718099
1524,40.75887701442308
1525,42.848268625681946
1526,41.60786223001324
1527,42.774546893246274
1528,40.357992840975534
1529,41.15050404134212
1530,39.62568673503385
1531,41.32880530486364
1532,39.958989817618885
1533,40.91348057813856
1534,40.724967582025045
1535,39.837119886782396
1536,38.95305052562691
1537,39.52908799731122
1538,41.92242101593666
1539,41.085772990651726
1540,42.17248044452296
1541,41.783983974758776
1542,42.70052862274414
1543,40.50931041176805
1544,40.9999097579887
1545,42.421771345744915
1546,42.015155302867285
1547,42.06717571942094
1548,41.792624698805305
1549,43.279797605972405
1550,43.17277608515013
1551,43.064569203879515
1552,43.70457330640295
1553,44.0234826937523
1554,43.93250089872464
1555,45.3394994422105
1556,44.50214827320476
1557,44.65085479634996
1558,43.83140336958326
1559,44.27338690244157
1560,45.87718406190621
1561,44.49257082180982
1562,43.54119873532493
1563,45.14890721745332
1564,44.687349506140166
1565,44.853299546058174
1566,44.814634698747774
1567,44.96286662482971
1568,45.83478616390507
1569,44.62251173178293
1570,43.981990950593165
1571,44.68492936584139
1572,43.24306918825714
1573,42.7970583876967
1574,45.65234203387757
1575,45.83745939114322
1576,45.44513085710746
1577,46.6501845687963
1578,45.01372487647674
1579,45.105960803141166
1580,45.98977332433306
1581,46.67766221376102
1582,46.74746577826776
1583,43.86820525891061
1584,44.08906543934324
1585,45.34212695610907
1586,45.02516518032531
1587,47.85318657361155
1588,47.648010295304886
1589,47.52777483066455
1590,45.94135835626415
1591,46.310082268887996
1592,46.63206008786414
1593,47.67177441052619
1594,47.981745224636555
1595,48.438141779036684
1596,46.8265034590022
1597,48.48375694802465
1598,46.39514021912691
1599,46.3554523576206
1600,47.1221283488233
1601,46.841506361059984
1602,45.8944347262724
1603,45.58833076195936
1604,44.5814664682666
1605,46.054787867437774
1606,47.33326258108829
1607,46.69073682234147
1608,46.25040276607665
1609,44.9625681767756
1610,46.657471893746184
1611,48.620235074023014
1612,45.710225083214624
1613,45.27947749579444
1614,45.22874067777346
1615,45.171313766911496
1616,45.84732642413925
1617,47.50886140169078
1618,47.77412211549865
1619,47.64166077480671
1620,46.459684502435536
1621,45.53307981829135
1622,45.28599380525323
1623,47.3466397924613
1624,46.65336627751036
1625,46.11106488963683
1626,46.09786942672962
1627,47.0333642162938
1628,45.32890098361031
1629,47.298972700173564
1630,46.854418002052405
1631,46.42219296457452
1632,46.880435644789756
1633,46.842803491392814
1634,46.299254336468444
1635,46.13078606901988
1636,45.369062107104725
1637,46.46220289668127
1638,45.69549821090962
1639,44.95647246579926
1640,45.6363301371174
1641,47.0086786231789
1642,46.33009415078748
1643,45.596479081408354
1644,46.23309297891007
1645,47.99389029652587
1646,45.52110859598391
1647,46.35106017737949
1648,46.39503448240509
1649,47.39370864457376
1650,47.732197545109365
1651,46.85244334172273
1652,45.02130432745598
1653,46.54801765898854
1654,45.426912542147164
1655,44.82707099339053
1656,46.50543940754146
1657,45.15094202908329
1658,46.92185653854273
1659,46.625794330710576
1660,46.626975746891084
1661,46.6546357512307
1662,44.74908892363539
1663,43.68033411102624
1664,44.915364865435926
1665,45.644808788344456
1666,45.54728537721885
1667,44.677491586615034
1668,45.104044451527606
1669,45.11819787170889
1670,44.254978529150236
1671,45.792647918234465
1672,43.705785990871526
1673,45.116279769760816
1674,45.415913125101305
1675,46.27145674725074
1676,44.75133519599019
1677,45.23867628954174
1678,47.43647275467262
1679,47.040336017153614
1680,46.56132772634285
1681,46.85264525687716
1682,46.550643148219784
1683,48.559573290703376
1684,48.35697927540309
1685,47.4486072368385
1686,47.4458659039668
1687,46.7671218070048
1688,48.031463645814675
1689,45.975537798887416
1690,44.8800575855519
1691,47.207413659021235
1692,48.846879008369065
1693,48.1601547542054
1694,47.74265965176024
1695,48.13989635466045
1696,47.03438180306234
1697,47.36575966970963
1698,47.30450765922466
1699,47.86795020302773
1700,45.96358424193494
1701,46.136654881251076
1702,47.378753590218835
1703,46.41154028538003
1704,45.72572771180292
1705,48.35012537566488
1706,47.544605352404886
1707,46.79567044412962
1708,45.33661436827095
1709,46.96476823282998
1710,47.54430722592777
1711,46.9403184933311
1712,45.949896977548136
1713,46.517738811926996
1714,45.86876093345755
1715,45.45305667018638
1716,46.00676822965559
1717,45.24531809407282
1718,46.18305099433317
1719,46.92162750607006
1720,45.91316008308233
1721,45.001236976929604
1722,47.410661891704216
1723,45.97601145882197
1724,45.771671336787854
1725,46.471849775342726
1726,47.158761437450906
1727,46.71052262732145
1728,47.319759254913826
1729,46.76850575892491
1730,46.011329454796815
1731,48.01131919517379
1732,49.978692476157555
1733,50.37697350524632
1734,49.36888279683699
1735,50.7923870266196
1736,50.0468479750322
1737,49.05939429401894
1738,49.54409299110215
1739,49.145879784671166
1740,48.097021542780844
1741,47.63466696742874
1742,48.970779664082656
1743,46.87160704538349
1744,48.37708082075589
1745,46.67861331424041
1746,45.42110656389269
1747,44.89269203068806
1748,48.18604299655806
1749,47.468036886262084
1750,47.68131519819571
1751,49.151570301294676
1752,49.44808716050798
1753,47.47930350617346
1754,48.89935861565995
1755,48.76395071399267
1756,48.28280938872819
1757,48.44536048738705
1758,49.74738495936016
1759,48.24134404064444
1760,48.943323677698096
1761,48.78099737022093
1762,46.959977149447255
1763,47.04710515977179
1764,47.862968191311815
1765,49.27608263911695
1766,49.7261172965658
1767,49.73066671105434
1768,48.46362110584313
1769,50.52627019438076
1770,49.864484589581515
1771,48.526425500588104
1772,48.70386065278122
1773,49.72901299031187
1774,49.311568477624824
1775,50.08502815029667
1776,50.68354009882182
1777,50.37784022233448
1778,49.091835386970786
1779,49.47281602572351
1780,49.43848015571213
1781,51.22322299628778
1782,48.61525548936704
1783,49.01613712441944
1784,48.54570114659864
1785,49.180799740564126
1786,46.633990323674155
1787,48.93964540009044
1788,48.67643935862248
1789,46.813050624732746
1790,47.3724009835734
1791,48.388291630379854
1792,46.64471298341124
1793,47.45068436024541
1794,46.6027782496458
1795,46.68205733164072
1796,47.18317207608219
1797,47.53000748661049
1798,47.06692883288375
1799,47.617859846254774
1800,48.39216839041562
1801,47.724173518532396
1802,49.21131569781407
1803,49.95472994584664
1804,48.60989025845214
1805,47.90705151479822
1806,46.45993611544656
1807,47.16648359394382
1808,47.05134281496374
1809,48.10429803335188
1810,46.295328900890304
1811,46.721023690823586
1812,47.99361309462429
1813,46.89108276272805
1814,46.43422720455203
1815,45.43700293905847
1816,48.90850884316948
1817,47.097189498022864
1818,45.97351453494852
1819,45.8324378803294
1820,45.624637575976834
1821,45.924011910814386
1822,47.08082360648292
1823,46.517189192916604
1824,45.734095611559475
1825,44.79686934357336
1826,45.6972679341363
1827,45.997853070221424
1828,47.656501145335646
1829,47.080284363941594
1830,46.817947274312864
1831,45.769428064254726
1832,45.98583158648761
1833,45.83591462276916
1834,45.797610587734646
1835,45.1499006456303
1836,46.29561106265588
1837,46.08894952006617
1838,46.01825696917296
1839,44.48110866187912
1840,45.91948667594487
1841,46.441361507446445
1842,45.461966976954784
1843,46.89912700872538
1844,45.19011541062524
1845,45.828497639546875
1846,45.75910558312763
1847,44.69880043989207
1848,45.67437386602507
1849,47.54345362187826
1850,46.901044900779354
1851,46.30571797179815
1852,46.967919854080264
1853,46.925997681022366
1854,46.90711550922113
1855,46.48596260170389
1856,48.15226882066715
1857,47.99225729390816
1858,47.131343976671594
1859,47.20938294316889
1860,46.57020124792963
1861,46.38746996799004
1862,46.19492195911229
1863,45.55615001396322
1864,47.10289881126049
1865,46.70692082612865
1866,47.49752203491774
1867,46.687138152539376
1868,47.009108012129275
1869,46.48436398375963
1870,47.688855056729004
1871,47.282485962447375
1872,46.7358130467758
1873,45.57488317755986
1874,46.86883438268844
1875,46.3760750692227
1876,46.91201896120732
1877,46.68357138880901
1878,48.07858380918733
1879,48.373242907714314
1880,48.60998722232914
1881,47.80196561910869
1882,48.5960614225879
1883,50.21839625570132
1884,48.59056072743781
1885,49.05037807563622
1886,47.40679088076634
1887,49.69325345054155
1888,48.87988810849917
1889,49.875455045470474
1890,47.87889184706186
1891,50.550691672747966
1892,49.57079438219622
1893,50.25659077403025
1894,50.22237837693165
1895,49.916529595789065
1896,51.77517480842075
1897,49.3868508668851
1898,50.39782250773373
1899,51.35997769115312
1900,50.97660178125639
1901,50.86272765122873
1902,50.829682661289795
1903,49.7589153795076
1904,50.51755866862732
1905,51.266234513851025
1906,51.25164635509456
1907,51.02835638951859
1908,50.768768062090174
1909,50.87138527440336
1910,52.45303198085242
1911,49.920843712955346
1912,50.99859839504368
1913,50.97048707297376
1914,52.79589752936149
1915,52.33329912323778
1916,53.77917001814117
1917,50.96671738697799
1918,52.3828120900622
1919,52.69663298244283
1920,54.060268194955654
1921,51.800486913022695
1922,52.383696898802995
1923,52.74112562763398
1924,52.376879906260015
1925,53.96602079884375
1926,53.19609562761653
1927,55.38811668369206
1928,55.51537614455202
1929,55.773555575593505
1930,55.687534680597594
1931,54.16882971476863
1932,54.13166563235719
1933,54.99758109267753
1934,55.493031713387744
1935,56.46476431052094
1936,55.28979208316022
1937,54.49891107671627
1938,55.78521115539647
1939,54.66332752161775
1940,55.90859242596528
1941,56.78113527784637
1942,56.60231799564328
1943,55.874862531546725
1944,55.98627675994488
1945,56.55940379668324
1946,56.274282125447655
1947,58.4046638856089
1948,56.294160020711644
1949,55.51003805773205
1950,55.028805932169774
1951,55.04281698176835
1952,53.33946390517337
1953,53.974910915857954
1954,54.017207816524014
1955,54.71652707268247
1956,55.36452158036115
1957,54.08388100792827
1958,55.68064365264836
1959,57.2656763030434
1960,56.19179929669747
1961,57.70016958075013
1962,57.08032603962683
1963,58.76655931045538
1964,58.77183650646462
1965,56.33798089312952
1966,56.83748508261918
1967,57.907264379098365
1968,57.39298565457632
1969,57.187510448714015
1970,58.38595831459777
1971,56.98489401355321
1972,57.15495085307348
1973,57.44363198272633
1974,56.91039832154858
1975,56.98203958915272
1976,57.757194780603626
1977,57.78443213864594
1978,56.64097714466943
1979,55.81643988421813
1980,55.6007881046617
1981,56.12466014921102
1982,56.11317772021529
1983,55.43170064346963
1984,55.30721059961291
1985,54.220356675305425
1986,55.54059558317868
1987,55.55804298471104
1988,54.40739389253222
1989,55.13324152791659
1990,56.664570194137404
1991,55.359650214206546
1992,56.94531485486407
1993,56.01955749252084
1994,56.241060006468906
1995,56.212851801625696
1996,57.5173681137769
1997,56.92993243684454
1998,55.50064692751471
1999,54.62536328224812
2000,53.80067661712913
2001,53.02187558849745
2002,54.18575157426425
2003,53.54774123157473
2004,54.122782890570285
2005,53.690212315025775
2006,53.41643538253616
2007,53.50422396123093
2008,54.65576623632094
2009,55.41802883649878
2010,55.352700652924604
2011,54.09896452761932
2012,55.16648690512244
2013,55.62540769225711
2014,55.51940564446098
2015,54.67940169762874
2016,55.606152308036606
2017,55.70158152961762
2018,52.289272679415376
2019,54.39351810300531
2020,52.48935813393674
2021,54.183530199977305
2022,53.98727476039906
2023,55.32944351788104
2024,54.71218861990012
2025,53.780388406142045
2026,54.05582302955209
2027,55.292892835496104
2028,54.86160827222214
2029,54.64686002166851
2030,55.41093568126899
2031,55.24681885736025
2032,55.041764499591025
2033,56.339177225596316
2034,57.17267304489156
2035,56.813739570949856
2036,55.925981830056486
2037,57.328976547320806
2038,57.657410787698666
2039,57.51867890766149
2040,55.64250208974005
2041,56.12378228175278
2042,55.294970263760504
2043,55.44838780057324
2044,55.811316797214715
2045,55.81719829059105
2046,55.268144392456364
2047,56.75163366859327
2048,54.46207519707085
2049,55.90037061757965
2050,53.822553668852
2051,55.109191028033514
2052,54.25914868922691
2053,55.65182624550469
2054,55.465009584141704
2055,55.66011586286509
2056,54.52604337368747
2057,54.36987623028323
2058,55.04070206161922
2059,55.68304805970356
2060,58.39629561256699
2061,57.14602142039439
2062,57.66465269223392
2063,55.43776399922392
2064,54.66873667570946
2065,55.05777223023928
2066,54.23343401668344
2067,56.465557676761975
2068,55.5545531886576
2069,57.101191634366046
2070,57.961204915790496
2071,57.14122994041061
2072,57.39894281548281
2073,56.9872621718814
2074,57.43897821605728
2075,57.60399117907069
2076,57.14696424692711
2077,57.6107641054477
2078,59.04776775839988
2079,58.8190864283673
2080,58.53677668401454
2081,58.28614759158545
2082,57.05520057807328
2083,56.42846267756588
2084,57.32801739048523
2085,55.948532290591835
2086,55.9058833245556
2087,57.77618787560448
2088,59.26248399291436
2089,56.61084231903367
2090,58.84846858506585
2091,57.94152407723484
2092,57.89168632010219
2093,57.75849312168006
2094,58.88966268001285
2095,56.76044454269629
2096,57.904000632586225
2097,56.88520604122663
2098,57.95246711238239
2099,59.35720006469111
2100,58.60287792895827
2101,58.81553261292999
2102,58.97514987133249
2103,57.89755527365368
2104,59.72576238723131
2105,60.73761201787348
2106,60.42870184764011
2107,59.86755043157534
2108,59.137702655605864
2109,58.60264596555297
2110,60.59616231016303
2111,61.20224319054726
2112,60.232273113750715
2113,58.40699144457348
2114,56.22211784861451
2115,56.65838998432888
2116,57.45561446631908
2117,59.24611155169833
2118,58.09375044877691
2119,58.87947401649921
2120,60.01816118293516
2121,59.49025981744948
2122,59.13415308506797
2123,57.81628083204234
2124,57.244368232667995
2125,58.40988668738019
2126,58.22335038931148
2127,58.5143901095608
2128,58.48355083030765
2129,59.20902465621254
2130,58.13027216445093
2131,58.13334082786852
2132,60.27737208015039
2133,58.6135746294588
2134,58.54376713832088
2135,58.10997333277688
2136,58.884892234755604
2137,59.77380976207989
2138,58.75335468626544
2139,58.44216007383493
2140,58.37699123163732
2141,59.090259751183986
2142,58.13678053657446
2143,58.0873150110857
2144,55.97352992235116
2145,55.85483190687355
2146,56.76772672826367
2147,58.06367338864121
2148,58.114121957080684
2149,56.88636789224649
2150,56.033709961406096
2151,57.05890856432717
2152,55.57615823287779
2153,57.58820929351953
2154,57.40743343078048
2155,55.79686723382015
2156,55.66783803836617
2157,55.65932042791023
2158,55.49580632160733
2159,54.626778885804576
2160,54.73619751430239
2161,54.822461776151876
2162,54.758848682289205
2163,56.517495897677854
2164,56.32384094914535
2165,55.308953873328974
2166,55.51224625178909
2167,54.969496349268134
2168,55.254342724220464
2169,56.485102941689966
2170,56.462498816659846
2171,58.62046585308011
2172,57.84703264054489
2173,56.471814413230504
2174,57.56444897379184
2175,58.25674207781216
2176,58.704045212788664
2177,56.868286647753806
2178,57.023162960882075
2179,58.224807118940085
2180,55.96471574840986
2181,56.14613807476146
2182,55.087526212235495
2183,54.97169754040786
2184,54.65124641228147
2185,56.63901884994274
2186,56.03411219934152
2187,55.27878687461331
2188,54.72521489019401
2189,55.53105478725669
2190,55.66360568379057
2191,57.11992972379005
2192,57.02672548678713
2193,55.23763078853326
2194,55.22738084316534
2195,56.74886535408738
2196,55.74095382398355
2197,57.738917748670836
2198,55.845819447543455
2199,56.79669816851197
2200,55.71453556216904
2201,55.596758194188915
2202,57.046879845821074
2203,56.48817522816792
2204,57.29960841973031
2205,57.36725762107601
2206,57.79295719715421
2207,56.433204800399636
2208,56.51895117638478
2209,57.098600225874186
2210,56.08517296347136
2211,58.11691352171101
2212,56.63124816441507
2213,56.57901991291775
2214,55.76669910390536
2215,54.19253687012361
2216,57.23279958384164
2217,56.50117672528352
2218,56.14312337304366
2219,56.2321891125379
2220,57.86962931859495
2221,56.30828988351054
2222,57.38279162857691
2223,56.73067673941248
2224,56.340035194365676
2225,57.28611929256871
2226,58.132411719600206
2227,57.15480347581145
2228,56.57088822249741
2229,55.847089712451826
2230,57.6867475072845
2231,56.811464207751186
2232,55.27545802490709
2233,57.742636466764665
2234,56.00505567605806
2235,57.50528582796123
2236,57.54636106571238
2237,57.81604193048852
2238,57.15772767981303
2239,57.864416040871525
2240,56.158611421387256
2241,57.65196228272915
2242,59.208617367993945
2243,59.434685362318305
2244,56.89910730949352
2245,56.83331263766476
2246,57.38724353021879
2247,58.25130990763184
2248,58.11866698113828
2249,57.78896411051075
2250,58.76321222017357
2251,59.816530385864944
2252,59.07971760876907
2253,59.87991148843487
2254,56.99978920161515
2255,57.33933209309667
2256,57.85165946450079
2257,57.86753056860595
2258,58.72204666662605
2259,59.843446821139324
2260,60.01433496455718
2261,59.174844429708294
2262,57.99015764577219
2263,59.46162992683834
2264,57.667998194850654
2265,59.392584643122866
2266,59.25642648574902
2267,58.35081652347697
2268,59.41832463096157
2269,59.58937023759059
2270,59.75013040715589
2271,59.8627290742787
2272,60.49433266946579
2273,61.377952826624444
2274,61.5158862098948
2275,62.28620875316782
2276,61.74253169501201
2277,63.31641467006189
2278,63.10225370269255
2279,62.126610057469826
2280,61.20485688341686
2281,62.009414372513234
2282,60.793095888030535
2283,60.58096634206007
2284,61.572465917725665
2285,61.148067820784355
2286,60.69912594712279
2287,61.36384753702676
2288,61.74971508326308
2289,61.72511211775404
2290,61.62063974154663
2291,62.84316458871006
2292,62.959634398201004
2293,62.622177226092944
2294,65.24781434148188
2295,64.31699633370411
2296,65.14741891589112
2297,63.943792221989334
2298,62.71130115448424
2299,62.62333834137722
2300,62.95243842355585
2301,62.815009253410764
2302,64.58425344094101
2303,63.996296638608655
2304,64.49832304724836
2305,64.27600524287895
2306,63.872616152355185
2307,64.17237062045609
2308,65.97529854634166
2309,64.43025366991705
2310,65.44067887040288
2311,64.08989435381783
2312,64.09536715915684
2313,64.45662193966072
2314,64.92076878048749
2315,66.3361040073491
2316,65.58136157753395
2317,64.6250330689604
2318,65.65944556292375
2319,65.0690958198562
2320,65.46943493880916
2321,65.28761343708189
2322,63.413062369935716
2323,64.92897396784255
2324,65.53293114378131
2325,66.2558209340191
2326,67.592852520119
2327,65.40579310657668
2328,66.26591056700562
2329,66.44693928717477
2330,65.76581872616408
2331,66.29390606941826
2332,66.60697528520268
2333,65.09082252805662
2334,65.85983282960511
2335,64.92507428598356
2336,64.74802937075386
2337,63.42504063938881
2338,63.985282616751334
2339,64.32161484786755
2340,65.19670002502404
2341,65.08479348489097
2342,63.580844191265804
2343,65.25769866498254
2344,64.93861154043522
2345,65.50611551104568
2346,66.27437014373761
2347,67.18910463770229
2348,68.31632032428709
2349,67.02869032160709
2350,67.00828024477919
2351,65.58209446463611
2352,67.014974055516
2353,65.3192073853183
2354,63.95353105232381
2355,65.7393646579831
2356,65.02996396921851
2357,66.06405123392203
2358,66.14773494500734
2359,64.24384831508767
2360,62.25068189551267
2361,62.663776852658444
2362,63.62936737099271
2363,62.73512904987814
2364,62.87889961018009
2365,62.01897722943398
2366,63.159217224695766
2367,63.49558228840958
2368,63.141330603641286
2369,64.88931979131323
2370,65.83314206575979
2371,65.57054566929627
2372,63.284027026742784
2373,62.91463073790702
2374,64.00983875998652
2375,63.37083226092648
2376,63.245387038399755
2377,64.50171022766239
2378,64.6886318696333
2379,65.7084632830474
2380,64.55195899074339
2381,65.94672511358169
2382,64.6594402917179
2383,66.2285813264738
2384,65.54085203177752
2385,64.39940391552857
2386,63.05789956708884
2387,63.586507157556944
2388,63.6700181355071
2389,64.77526462684038
2390,64.33023822240587
2391,63.89949062019202
2392,65.18764841215213
2393,64.476047529775
2394,63.903538806938826
2395,64.74354438730616
2396,64.02238083866659
2397,64.87917444533753
2398,63.99301172951476
2399,64.00499326228763
2400,64.31431579202689
2401,63.913210687794006
2402,64.0957452084814
2403,64.97524248157619
2404,65.01372436098033
2405,65.21360725151463
2406,64.25723237461224
2407,65.32983939028361
2408,65.6027122535828
2409,66.17706637680574
2410,64.82001131355975
2411,64.818989832863
2412,65.52759032703413
2413,64.60578768960241
2414,64.60256309864506
2415,66.67703988765562
2416,67.7094335575363
2417,67.75835450993992
2418,67.73299937416947
2419,65.91125207779395
2420,66.62887056871085
2421,65.96088812190031
2422,64.96098329176712
2423,64.94855949042952
2424,65.41927664811335
2425,64.91936747040057
2426,64.68378449357728
2427,65.85060171635742
2428,65.72787709044051
2429,65.87035472530695
2430,65.8583915889386
2431,65.10828843729634
2432,64.06507615953453
2433,65.1514895674105
2434,64.71699614659167
2435,63.05232406829789
2436,63.80409910673493
2437,63.2561615577245
2438,64.75400972675408
2439,65.23431067980702
2440,65.58399466007293
2441,64.71472518848627
2442,65.78293604621773
2443,65.85846671755213
2444,65.28831894038007
2445,65.03371921991094
2446,66.22904095450772
2447,65.42810161024362
2448,65.94389711760796
2449,66.90411826181086
2450,68.32168339541045
2451,68.94140063645109
2452,68.75187319986246
2453,66.47509550051828
2454,66.26804014539756
2455,66.10715418063357
2456,68.12756933113924
2457,66.71860695277546
2458,67.31812709433859
2459,67.26382799924363
2460,66.25575555090877
2461,67.09365340882647
2462,67.42308529536419
2463,65.99240284259055
2464,67.82470046788642
2465,65.29159961205774
2466,65.68746371390762
2467,67.21092775915791
2468,65.74804148578656
2469,66.71149779242187
2470,65.43214958672459
2471,66.06497008268984
2472,64.0308811882884
2473,64.50172613624251
2474,63.7839247582658
2475,64.49630226206442
2476,64.69702355638833
2477,64.54360247674752
2478,65.9489748785166
2479,64.94317265550788
2480,66.11908969605835
2481,67.64849086989612
2482,67.04819465301715
2483,66.00264407140082
2484,65.14457892734093
2485,65.17021850370033
2486,66.45963293676138
2487,66.49072431462763
2488,67.4090128919444
2489,67.75880508430149
2490,67.45077550601349
2491,67.75069479349662
2492,69.31529127336451
2493,69.72459250140639
2494,68.4483328115271
2495,69.28163788729472
2496,69.24443728165593
2497,69.87738754453845
2498,69.78416006989593
2499,68.2112448562826
2500,66.83864316492038
2501,68.19231448913662
2502,69.96381563682858
2503,68.221121573221
2504,68.1697140071061
2505,67.1915094474461
2506,68.86956347868131
2507,66.07930052818863
2508,64.85941302213391
2509,66.59566825703033
2510,66.71048496726678
2511,66.42183636333277
2512,66.46812750062172
2513,67.28702063579588
2514,66.72216554461747
2515,65.83809504843902
2516,65.52761208675312
2517,67.05752639025746
2518,66.30045517638104
2519,65.18606485013507
2520,66.06968638391257
2521,66.75039682570561
2522,67.93739061291788
2523,67.50146985601417
2524,66.58748744801355
2525,67.29966586610422
2526,67.82136049916872
2527,67.366600859559
2528,67.22051965226757
2529,67.43992439108847
2530,67.20048408294244
2531,67.41988511974098
2532,66.23645926320692
2533,65.53368196448959
2534,65.35604897302335
2535,66.58753748642712
2536,66.70955861296282
2537,67.63607079715622
2538,66.91460088359936
2539,65.7301240163406
2540,67.40152461968209
2541,66.92014556192578
2542,68.11460528009215
2543,68.02325559231029
2544,69.71947540035228
2545,68.22417339061596
2546,68.85118903301307
2547,69.10430579192786
2548,67.85807182676328
2549,67.69416917340729
2550,66.21593331222661
2551,65.32733663367544
2552,66.34319786011491
2553,67.29723845884823
2554,67.62313287986821
2555,67.58994881838001
2556,68.17864327044856
2557,67.05813531897458
2558,66.91245848000112
2559,67.76308782248172
2560,67.83147155671897
2561,67.30228704026082
2562,68.61508704551264
2563,66.62063903720968
2564,66.54788976808342
2565,66.57480544886074
2566,67.60475287291091
2567,67.26350719605732
2568,65.93145620271748
2569,67.04540426307773
2570,68.016813360115
2571,68.21751230049364
2572,68.34377285008956
2573,66.01333904572337
2574,65.89907215697608
2575,66.98356095129722
2576,66.86726350612693
2577,67.4549852560304
2578,65.97138184842103
2579,66.51531161184579
2580,65.31653091369618
2581,64.15763334780341
2582,65.67636915472104
2583,66.76238596601496
2584,66.78028364975097
2585,66.66601420930138
2586,65.15705602960875
2587,67.00348747005468
2588,66.7139484697836
2589,68.7305602368094
2590,68.76018907183327
2591,66.1088340924695
2592,67.69652496330806
2593,66.1080654469792
2594,66.0579204364742
2595,66.39751894429995
2596,66.65686982281854
2597,67.28654813703947
2598,66.2162332853871
2599,65.6518883213253
2600,67.04198960373016
2601,67.02411026703365
2602,67.32982848978223
2603,65.17379313554325
2604,66.18935543169314
2605,65.76279200636422
2606,65.54851024623711
2607,67.24008962162605
2608,66.02182845433524
2609,65.60410180331692
2610,66.09848262960014
2611,67.05875789887955
2612,66.23697870973731
2613,68.08102495851152
2614,69.1889954119978
2615,67.64010596599725
2616,67.76130990059254
2617,67.2444852882708
2618,66.10131200950602
2619,67.4793457271527
2620,68.44964023985547
2621,70.31854765467091
2622,68.51598181323233
2623,70.17698746690476
2624,70.97021524932903
2625,70.44022327514125
2626,70.80412810641602
2627,71.3294931485185
2628,72.80583990395063
2629,72.19446765250015
2630,71.63324400054601
2631,70.63783026662715
2632,71.32297791460101
2633,72.29447992565521
2634,72.0623374915362
2635,71.08463273516873
2636,71.5316612122659
2637,71.46998951972994
2638,71.87472998312866
2639,70.17358874297767
2640,71.60978745957118
2641,72.20818832323431
2642,72.46803204579004
2643,72.27979952021734
2644,70.49161611863883
2645,71.43053303986677
2646,72.79708454591922
2647,71.60003395762105
2648,70.06258958743352
2649,69.69336177719389
2650,71.1632811857546
2651,71.81827596618385
2652,72.76734667776013
2653,72.42681284917208
2654,70.99664961368786
2655,71.0234892580171
2656,72.54300116647374
2657,72.5759850744145
2658,73.26827197608156
2659,73.48619156570135
2660,73.0968638974835
2661,73.04325328897464
2662,75.07027853611497
2663,74.66273193427173
2664,74.19156600945203
2665,74.63646522070937
2666,74.63978827740867
2667,72.34339009164935
2668,74.05757154430893
2669,75.84054334907795
2670,74.23578191832407
2671,75.93674742617749
2672,75.01590644627251
2673,75.3088566885537
2674,76.22622580593263
2675,74.9466104743105
2676,76.42038775860794
2677,74.62664779865314
2678,74.23256129827027
2679,74.1800630347638
2680,75.30636555430085
2681,74.80884062842917
2682,73.48829151763974
2683,74.11797804394826
2684,73.69782335396225
2685,74.99957286514594
2686,74.51188757826503
2687,74.80774221791705
2688,74.47408882029076
2689,75.18441443886078
2690,74.89951168473904
2691,75.34529390277642
2692,72.65267667155337
2693,74.05824279702534
2694,74.77329365717243
2695,74.54536268084986
2696,75.38600432208764
2697,75.8828363629808
2698,76.80584402173537
2699,76.1836087916391
2700,74.03230772218787
2701,72.60519565804125
2702,72.33144993563903
2703,73.46677048341473
2704,73.72445667937868
2705,74.31041989420068
2706,73.72175209371035
2707,73.38667620702294
2708,74.46441990340037
2709,75.03698980892621
2710,74.5055574688042
2711,74.56785889829028
2712,75.02979758401814
2713,75.36718108959394
2714,73.94847609502187
2715,73.73554866180343
2716,72.97927865205757
2717,73.23350990717354
2718,74.53263926456638
2719,74.86459315373067
2720,73.50770585880913
2721,74.52963129514944
2722,74.48901474488554
2723,73.957309666584
2724,72.8003027971023
2725,73.3970789235315
2726,74.37708847658456
2727,72.00729148533328
2728,72.68934829774892
2729,75.42533498477667
2730,75.16911648890702
2731,74.93116047498806
2732,73.92187021264273
2733,73.51019911336725
2734,73.80009820400518
2735,75.5363682028361
2736,75.25286268724547
2737,73.97574455559203
2738,75.44687939803295
2739,74.59315299114638
2740,76.28780105747083
2741,74.82659528301454
2742,73.85562151411516
2743,74.46398418418644
2744,75.42529937404652
2745,75.96317814620897
2746,75.46725342266812
2747,74.19273028233569
2748,74.04198791554734
2749,72.30635477528038
2750,72.4568566841892
2751,73.00092758517513
2752,73.71907988484409
2753,73.3371051118427
2754,73.49442229095503
2755,73.208336960448
2756,74.2166821770885
2757,73.03277990621014
2758,74.28191221470816
2759,75.92970455425589
2760,75.375520876382
2761,74.35480413506613
2762,73.89875076079662
2763,75.33917226087001
2764,73.64054054185775
2765,73.10617527134548
2766,72.48537113849319
2767,71.93200713200214
2768,71.74365807579953
2769,73.3340577648076
2770,74.33064945575988
2771,73.15763638748142
2772,73.64932921071158
2773,74.38713929578869
2774,74.13878626589293
2775,73.0728888036398
2776,72.05402977054484
2777,73.91652765049463
2778,74.15914901062015
2779,74.50506056935757
2780,73.08528970224086
2781,73.81198670205805
2782,74.44724180296251
2783,74.49056065342357
2784,73.55198845272695
2785,74.89858709150512
2786,72.95322318217325
2787,74.57541378630205
2788,75.36640590729274
2789,76.38100837068646
2790,75.13262117874547
2791,74.06598090802186
2792,75.29238467171629
2793,74.28500465045815
2794,74.62553897145189
2795,74.35971044486872
2796,73.6568868881251
2797,74.50474754290623
2798,73.12008108318204
2799,74.47257624949816
2800,73.44388897581587
2801,72.26476412737885
2802,73.27219836626891
2803,74.07249631071322
2804,74.64902587919825
2805,75.28269110105417
2806,72.54854934691292
2807,72.6747549838212
2808,73.59059236738145
2809,75.36204275796761
2810,75.57013792382098
2811,77.03398455963342
2812,75.48709526828048
2813,75.78527477020079
2814,74.52019199588253
2815,74.62783351516876
2816,74.22800504919593
2817,74.09385194020533
2818,74.20071352817632
2819,74.60109670114387
2820,74.80755038005805
2821,75.47274369816205
2822,75.44681199766332
2823,75.0580069163644
2824,74.74056354898923
2825,74.78618601676666
2826,74.631031652846
2827,75.48623261695407
2828,76.26702264074545
2829,77.16370526245481
2830,75.6871106880525
2831,76.40838130421933
2832,74.82985718706705
2833,75.88053743158312
2834,76.96050051082287
2835,76.33181497798809
2836,77.40318072905036
2837,75.73467492292649
2838,75.30064831698573
2839,75.71070298207638
2840,76.97112702782493
2841,76.16225011219623
2842,75.87501491605228
2843,75.1675966774259
2844,75.96887559556244
2845,77.30830834636896
2846,77.479449638648
2847,77.74598903950631
2848,77.08964776292812
2849,76.50679588787776
2850,77.43730553751763
2851,77.12439377686047
2852,76.9143748829856
2853,77.88619081375482
2854,77.25873799069888
2855,76.42177707067357
2856,77.73166486941892
2857,77.45270815544536
2858,76.30982653145439
2859,75.68045157602242
2860,76.44554178938917
2861,78.9307579722302
2862,77.46301772454585
2863,77.09467819524875
2864,78.73655676902848
2865,77.92909501115246
2866,76.32039778941463
2867,75.38346018920132
2868,77.52075665643585
2869,77.82016988205092
2870,78.28316819433194
2871,77.72762556191556
2872,76.88751048661112
2873,76.96551936214284
2874,77.25497756499617
2875,76.38654105452987
2876,77.36378363230236
2877,75.92356519474619
2878,76.19611812830153
2879,76.30522344073954
2880,75.82775954585743
2881,74.05414899774902
2882,75.74130629829273
2883,75.11231699702803
2884,76.9453267880756
2885,76.12492287969977
2886,75.70036813829027
2887,76.09911658848858
2888,77.19971973327942
2889,76.15060085013245
2890,77.34421617472232
2891,78.30211417996728
2892,78.45366463708271
2893,79.34403925239927
2894,79.56934879551694
2895,80.08566316513922
2896,80.56548963470433
2897,79.55818740307913
2898,78.570001679264
2899,76.21320656465613
2900,75.85720153284194
2901,76.21140155855423
2902,76.24005240830404
2903,76.4011153882418
2904,75.57456460967991
2905,74.5406610709837
2906,75.36012853546069
2907,75.5072883865804
2908,74.94912685455935
2909,74.72580186120152
2910,74.3284544829282
2911,74.59231839105384
2912,74.16210995751561
2913,76.03213432832483
2914,75.86438773176194
2915,74.74797010640138
2916,74.93833778814881
2917,74.02563402837205
2918,75.73479774351472
2919,76.82788735004206
2920,77.38413539722467
2921,75.46169825425726
2922,75.72404359506339
2923,75.40222192435381
2924,76.18297024825453
2925,74.95232083393572
2926,74.74121496726723
2927,74.77842475463383
2928,75.28137788208275
2929,76.03242785402263
2930,75.42065214868657
2931,76.21366985603501
2932,76.74461162200701
2933,76.06868100596733
2934,74.8138020722254
2935,74.24204065447043
2936,75.5649994219883
2937,75.01633949855103
2938,73.59532309310814
2939,75.17735376756241
2940,75.29296532109971
2941,73.91661251991576
2942,75.86777534910128
2943,76.35727259649708
2944,76.08099702420253
2945,74.67362338397791
2946,73.88870605301845
2947,74.45346977919826
2948,73.17360385185798
2949,74.64505453519752
2950,73.39359338621263
2951,74.43955075551193
2952,74.39036015190442
2953,75.4387108361116
2954,74.33761283509925
2955,75.14472259259675
2956,73.81875381849484
2957,75.42875324013495
2958,75.20253258981907
2959,75.8502903732577
2960,74.40353620834344
2961,75.61474719186775
2962,75.91434021491837
2963,76.23111669460012
2964,76.43344814801466
2965,76.12684078609254
2966,77.49677327478729
2967,76.80639245060134
2968,76.07670540623201
2969,76.41847360524808
2970,75.64203419360683
2971,75.77178156462068
2972,76.05099566972194
2973,75.9788123272438
2974,76.55617301250926
2975,78.60452629988512
2976,78.3404595568601
2977,79.01666162204052
2978,77.9112621556565
2979,77.45411473634987
2980,77.41106855128284
2981,78.57993428393746
2982,76.15486123094155
2983,76.21025536031445
2984,77.15647327700742
2985,77.22008794890863
2986,79.51990226155068
2987,79.19443516194563
2988,78.2387610794942
2989,76.97211412376011
2990,77.54654287783143
2991,76.72222296005545
2992,78.09153402175303
2993,78.37531436267037
2994,78.80534539192439
2995,80.87948447797861
2996,79.04446648527747
2997,79.17246910445897
2998,78.16893528521027
2999,78.82332010197115
3000,80.72731225078103
3001,80.70201137301875
3002,80.27264305616768
3003,80.56320088217247
3004,79.28600912345485
3005,79.54445729484367
3006,80.05094814608174
3007,80.31780306598007
3008,78.8907234225601
3009,80.11057118028297
3010,80.54218265228333
3011,80.20215892616584
3012,80.51859423829451
3013,79.2088759087655
3014,78.62060508329137
3015,79.8188876162104
3016,79.49257001749879
3017,80.07434617612122
3018,81.21483143140442
3019,80.84837218992753
3020,78.21257597750572
3021,79.60856704467216
3022,79.69004377077388
3023,80.02143362552351
3024,81.34434859180249
3025,79.58034289023117
3026,80.71463587623641
3027,82.48941736933435
3028,81.2781151227776
3029,82.0421995546664
3030,82.91042318493196
3031,82.70177114606679
3032,81.87862603666673
3033,81.5194303403765
3034,82.74869068053233
3035,83.1611911337442
3036,82.12504639367634
3037,81.33965716428001
3038,80.78622427780425
3039,83.3403471957737
3040,82.7681299632312
3041,85.16701587913337
3042,84.61112831224276
3043,84.55451408496442
3044,84.50147245269001
3045,85.24145060150335
3046,83.69723830961188
3047,86.18620299673094
3048,85.05872668532251
3049,84.16471322837538
3050,84.72289730639477
3051,85.7006875833539
3052,84.12575531222485
3053,85.05525520732036
3054,84.11629162640429
3055,83.92557309781685
3056,83.76363477058786
3057,84.87556320335715
3058,83.50668478934445
3059,84.23270392539119
3060,83.93776044670437
3061,83.32021358704577
3062,82.61887165972948
3063,82.18727738374706
3064,81.40414391531417
3065,83.41250011653702
3066,83.10269930594292
3067,83.495153839469
3068,84.72503942994146
3069,82.99445629881389
3070,82.58429813385307
3071,83.44690537821967
3072,81.69285428780947
3073,82.11077065705146
3074,81.76926235095519
3075,82.8000896739962
3076,82.47522679120401
3077,84.82052314017406
3078,84.90543220393812
3079,83.43661434984834
3080,83.31280715746024
3081,83.19188350792187
3082,86.73410161641547
3083,83.64738695112771
3084,84.23667374105067
3085,82.06225993865118
3086,83.05871545723116
3087,85.20425513332795
3088,83.94908409027609
3089,85.08129886696061
3090,84.43412221499473
3091,83.88389140997592
3092,83.76425223921828
3093,83.30078787015572
3094,82.98339051829623
3095,82.0364800919309
3096,84.31395413716879
3097,83.38365307930148
3098,83.79563307486707
3099,82.79379449426175
3100,84.32165002293375
3101,83.5845750563878
3102,83.53419502835696
3103,81.73893917671256
3104,83.04787153414156
3105,84.88328682499689
3106,83.16473945709647
3107,82.95186956924238
3108,82.0626460540451
3109,82.81818601204309
3110,82.98384631647339
3111,83.72345446129125
3112,83.9562121692327
3113,82.80386036603701
3114,83.33919433981063
3115,82.95037679402621
3116,82.01445071682791
3117,82.4690874547185
3118,86.48699803740242
3119,86.99463583025437
3120,85.55803587820866
3121,86.73877237895162
3122,85.54216123037936
3123,85.11398666568032
3124,82.96002247868739
3125,82.81981864049999
3126,82.64201753817295
3127,83.28994957160026
3128,83.40876626704943
3129,82.88688142836432
3130,82.62389014563243
3131,82.84819043776076
3132,81.6762476460902
3133,81.84715622506496
3134,82.00460438506154
3135,81.15319485628427
3136,81.62250329666267
3137,81.2243265227893
3138,83.08300537234147
3139,82.46509717225017
3140,82.40141020073763
3141,82.9967333397841
3142,83.42714491307554
3143,81.42888068160721
3144,81.88511069026072
3145,81.38577642238154
3146,81.86933837715928
3147,81.63598671325829
3148,82.2275489066211
3149,81.35763439051766
3150,81.39342260820557
3151,81.30573795274796
3152,82.9017393003102
3153,82.95377586857958
3154,83.16127628672322
3155,82.70345648892095
3156,82.45892333582705
3157,83.27766713126435
3158,83.88234097511297
3159,83.5212785700846
3160,84.59632733345437
3161,85.2956955554704
3162,82.87013795567462
3163,83.93259376596299
3164,83.79566459865138
3165,84.21579550722781
3166,85.16706387688372
3167,83.67323024345161
3168,82.38603555076347
3169,84.37184126035727
3170,83.0676983210205
3171,82.8846352729213
3172,83.5923506399329
3173,82.99532170093974
3174,81.84883971564308
3175,82.85424631133617
3176,82.3779216641656
3177,83.56300482462814
3178,83.00490805589527
3179,82.6674081980176
3180,82.96621341126301
3181,84.33674922319564
3182,84.89751487193249
3183,83.35764148746419
3184,86.6430338030989
3185,85.06178434463513
3186,83.82314739794883
3187,85.23987507011687
3188,84.56864119329514
3189,86.87548350085261
3190,86.70419309505168
3191,85.86300263816693
3192,87.34656774062007
3193,87.3452636298462
3194,85.46496949276421
3195,86.75333174261004
3196,85.83460047075803
3197,85.9106095676586
3198,86.10244182781582
3199,85.17851504830085
3200,84.28533145007138
3201,85.43939679850963
3202,84.10340797797186
3203,82.31175851677544
3204,83.00995118087596
3205,84.22958111126222
3206,84.16819057889654
3207,85.76885248920361
3208,85.50898807591379
3209,84.63678771857845
3210,84.59647951818471
3211,83.51537165963971
3212,85.46865127550487
3213,83.82915881363895
3214,83.63816635337817
3215,84.17172739384372
3216,84.51685230598224
3217,83.20235055206167
3218,83.18538787377014
3219,84.2005656400827
3220,85.49664035951642
3221,85.4421223457062
3222,85.23013936779554
3223,83.67370420213045
3224,83.86622452840237
3225,84.92815438472185
3226,85.96139823223685
3227,86.38230414649848
3228,86.01070238425203
3229,87.02984332606695
3230,89.24895636360634
3231,87.03965712360446
3232,86.1295954939022
3233,87.8761459145364
3234,87.3428471468655
3235,87.12048612981053
3236,87.3062131796665
3237,86.34471472463201
3238,85.51077493136331
3239,85.24920134390257
3240,86.99092747387633
3241,85.06787751635738
3242,86.19318550638383
3243,85.52267328158776
3244,85.44662327224694
3245,86.43757130153055
3246,86.98822273394102
3247,86.8566943557625
3248,84.68348034993996
3249,87.07990162209161
3250,87.771167467347
3251,87.07906392553684
3252,86.8152834569889
3253,88.47419950524832
3254,88.42751644781777
3255,87.629151389906
3256,87.06321618473618
3257,86.84088866224249
3258,88.02346771997199
3259,88.41596554018844
3260,86.07447182908354
3261,87.0849356821486
3262,87.75419886557954
3263,85.73606021882422
3264,86.31330209953273
3265,84.61397157827224
3266,85.63951940077364
3267,83.69961756757715
3268,84.13161000743878
3269,84.1564855861158
3270,83.9837199210313
3271,85.99388652605897
3272,86.01088800937293
3273,85.28401605913406
3274,84.47439265477212
3275,84.71951874551274
3276,83.93296807658932
3277,85.51150448628225
3278,87.20219948466378
3279,87.23338730470029
3280,86.7916025661658
3281,86.2105909757928
3282,85.70988921623571
3283,87.56791896609059
3284,86.10262937180673
3285,87.7067184032626
3286,85.73169544524411
3287,85.75090578389913
3288,84.18361174635433
3289,85.2094259579958
3290,84.06948164789104
3291,86.43837397248312
3292,86.21781230907118
3293,86.44674094297939
3294,86.37344355666825
3295,85.03084161832601
3296,85.60907021013047
3297,87.46841890143651
3298,86.57798366712082
3299,85.34013626630356
3300,83.89138588302862
3301,84.16985930252801
3302,83.02037049046272
3303,84.95150890045564
3304,85.66690113345963
3305,84.49802202997063
3306,85.54048770667237
3307,84.79354870252986
3308,85.05045617190862
3309,85.55242221264564
3310,85.0047337225648
3311,85.66630019177549
3312,83.86485847627128
3313,84.84369151676553
3314,84.99737005603568
3315,83.10198727384555
3316,82.42445750870858
3317,81.81757711376085
3318,83.598624506855
3319,84.01845179163473
3320,84.49586316551688
3321,83.22770697542826
3322,85.16415535479554
3323,85.87526371812497
3324,84.68203822683884
3325,86.2173410010753
3326,85.51730072864855
3327,83.83377010029437
3328,83.15368691898541
3329,84.99862360974797
3330,84.92152541418936
3331,86.01705706183711
3332,85.65284645269922
3333,86.00080366973549
3334,88.0815925878242
3335,88.48215999742497
3336,87.17095807831765
3337,87.54828960568622
3338,87.83632644075416
3339,88.31764291057806
3340,87.95910103636844
3341,87.34077841523373
3342,87.5599585854794
3343,87.15771873434615
3344,89.14874492540955
3345,89.67770951498073
3346,88.74743361940513
3347,89.1142873139194
3348,88.71203683773226
3349,89.94795119199665
3350,90.4296895444579
3351,90.36849037858721
3352,90.80505480541518
3353,90.91078593303813
3354,91.60733272577599
3355,91.41525981655289
3356,91.10384048801936
3357,90.30133150470427
3358,88.93561100811895
3359,89.73580665486756
3360,89.24126388720768
3361,89.81592781879569
3362,91.13198392766095
3363,90.87393352792995
3364,90.35036856922011
3365,89.72273723698862
3366,88.82142520853378
3367,91.06677056017111
3368,88.94500426191007
3369,88.94424724059148
3370,87.40675179717074
3371,88.57078061534102
3372,88.9020362679501
3373,89.03741580737365
3374,89.4908198565253
3375,88.99578294791607
3376,88.73272941220233
3377,91.31315831726874
3378,90.41648812158974
3379,91.51858989044136
3380,90.36846835399834
3381,92.4232993754334
3382,93.31278257088275
3383,92.73197970869819
3384,91.3609785006441
3385,91.93813721305031
3386,92.0834822734667
3387,92.39147207966877
3388,91.37582122221782
3389,90.39640653814993
3390,91.51280067338718
3391,91.74893068119528
3392,91.94795182753755
3393,93.13090210852624
3394,91.27816577552113
3395,93.02073004924578
3396,92.00577343444941
3397,92.01434719518143
3398,91.54632634930154
3399,92.22069915192573
3400,90.50526775430997
3401,91.0444180694858
3402,91.18071515143144
3403,93.00732427907768
3404,92.80475821968045
3405,93.46995772828708
3406,93.19532288138289
3407,92.13921747778056
3408,93.61139183277395
3409,92.4988647691599
3410,92.40816104988875
3411,93.00540579929921
3412,94.03344187096855
3413,93.45952588014046
3414,95.04172454456773
3415,93.76130399532762
3416,94.57276185669869
3417,94.27025031768233
3418,95.75754680693593
3419,95.18503422639013
3420,93.01119137998063
3421,94.927263363667
3422,94.47940206398862
3423,93.91702680775082
3424,95.41473001363494
3425,94.54613510673134
3426,95.20180441593678
3427,94.12987676346293
3428,93.60143779512046
3429,95.88989718845743
3430,94.32957478504112
3431,93.98151644154511
3432,92.59597242522645
3433,95.16418075215886
3434,95.00320127560755
3435,94.97150403322574
3436,95.76098755321631
3437,93.88536858575323
3438,93.8562173877106
3439,94.12056373295778
3440,92.71553124582248
3441,94.85924423165899
3442,94.41051205288383
3443,94.04821752854996
3444,94.43809716496833
3445,93.60601993661868
3446,94.01679876144135
3447,97.51133675395988
3448,96.43936187532783
3449,97.39814963783523
3450,95.93125422010593
3451,94.98315071568685
3452,95.49321699390823
3453,93.95927464207577
3454,92.22784730432156
3455,94.20509695901453
3456,94.78812573937446
3457,95.34901695234966
3458,94.90905896325684
3459,96.74297674313824
3460,95.58977823184019
3461,94.77764553402248
3462,91.89105092967961
3463,93.30575332025919
3464,94.48553314018102
3465,94.22052108677568
3466,95.31118546137564
3467,97.03165108539983
3468,95.55945186635975
3469,96.50796222000177
3470,94.12688652274079
3471,95.6724122862195
3472,95.24622029787913
3473,94.83778312467906
3474,94.67540472520567
3475,94.54515157883817
3476,94.27983192142894
3477,94.61178677690174
3478,94.34624148755898
3479,93.23968495115358
3480,94.22399048867297
3481,93.5326447799913
3482,94.88275585379436
3483,94.39753882703441
3484,94.44159932187213
3485,92.2821407665963
3486,92.00150690680593
3487,93.79172394876439
3488,92.84633632232945
3489,92.69927904624805
3490,92.80605228244248
3491,94.44364444907855
3492,94.25052516591188
3493,95.27596889996683
3494,94.2736058310475
3495,94.42098530767632
3496,93.04411133817482
3497,94.75275875650902
3498,94.37932690888927
3499,94.26784309288094
3500,94.52359309842389
3501,95.76176596097368
3502,94.7577207631426
3503,96.3109777656228
3504,94.5420033127606
3505,95.12502019546669
3506,96.88636193849638
3507,95.29995845715248
3508,95.48139712972998
3509,96.1321104855361
3510,95.44872169491968
3511,93.8367433636649
3512,93.44278229703536
3513,94.67670294101595
3514,95.45811167007707
3515,95.81571558379053
3516,96.48047964697193
3517,95.8458422552512
3518,95.81033009690734
3519,94.07096528004365
3520,95.05244573957334
3521,95.63928811062593
3522,94.76871998142178
3523,95.64442188434052
3524,93.55707433155726
3525,95.164718972163
3526,95.30011341763196
3527,97.27789694467123
3528,97.62777745252023
3529,98.17695135677612
3530,97.95233917357233
3531,97.85506782106623
3532,96.0673894433205
3533,96.07890977022221
3534,98.07447977117575
3535,95.72332062123483
3536,95.77243989597596
3537,94.64440572868334
3538,96.88174675344172
3539,95.80738110510676
3540,97.57010839492
3541,96.4436795984409
3542,95.99404678254477
3543,97.51485995133412
3544,97.87589446845094
3545,94.56802134786915
3546,96.21148881694138
3547,96.84672761522995
3548,96.82769709337644
3549,96.04597537803433
3550,96.38666020747137
3551,96.0625322153613
3552,96.52567131742224
3553,96.31152448431963
3554,95.82948533449041
3555,96.37004918814162
3556,97.22063865981723
3557,97.17339143760142
3558,96.43237519340323
3559,97.01109717310773
3560,97.98068204286403
3561,99.04589990542107
3562,99.34154397522583
3563,99.03357914384755
3564,97.49046075406656
3565,96.42363068962283
3566,96.91283447919545
3567,95.76385667978768
3568,95.78375288572315
3569,96.24171013319892
3570,96.07152678378574
3571,96.14549603638243
3572,95.15147819018664
3573,96.2019138221184
3574,97.35621735116663
3575,96.44765564044401
3576,97.42948842010487
3577,99.82201069187121
3578,98.37617023140221
3579,98.75201854857124
3580,98.48961522213534
3581,99.20564837652036
3582,96.89272935200012
3583,96.50862539061744
3584,97.29182721170697
3585,98.2788688519319
3586,98.03314372379673
3587,96.23586950747695
3588,96.20344375271787
3589,96.00883020924046
3590,96.99078813507397
3591,96.24267733674293
3592,96.01619029767566
3593,97.59549757200725
3594,98.5672714494757
3595,97.45960640894025
3596,97.93316578337044
3597,95.82292259980451
3598,96.89814036784207
3599,98.19108151884497
3600,98.19461311574413
3601,97.92925782491636
3602,97.38103156517043
3603,96.85851989601326
3604,97.0075940237337
3605,95.61889539714016
3606,98.05733750891574
3607,98.03505752189113
3608,97.55849262906709
3609,96.88447501550847
3610,97.08149623750131
3611,97.96103429582182
3612,98.59592957344682
3613,97.0930632562112
3614,96.39384782370665
3615,98.97173821789401
3616,99.1773396263263
3617,99.09891099024587
3618,98.35036452629977
3619,99.10700854596517
3620,97.24055489426603
3621,99.19307976169128
3622,98.4111946226725
3623,99.00242387145612
3624,99.12517897418155
3625,98.47462240068766
3626,98.15472023167025
3627,99.33969485266753
3628,99.6765730854022
3629,97.16389449325168
3630,96.08481975751154
3631,96.03189775832043
3632,95.80231669663691
3633,95.3165701106738
3634,96.34165581251563
3635,95.97639360122344
3636,97.50171472461254
3637,98.46426052087958
3638,97.62129026936975
3639,99.10059762531503
3640,98.17264895680078
3641,97.44171370560285
3642,97.5600556267939
3643,98.41422424144058
3644,96.26052712666417
3645,96.68436519831667
3646,97.17945411686465
3647,97.44015977990735
3648,96.86402466656337
3649,97.47045666902217
